{
  "id": "1756213",
  "name": "jd",
  "font_family": "iconfont",
  "css_prefix_text": "icon",
  "description": "",
  "glyphs": [
    {
      "icon_id": "6090702",
      "name": "关  闭",
      "font_class": "guanbi",
      "unicode": "e658",
      "unicode_decimal": 58968
    },
    {
      "icon_id": "14032865",
      "name": "左箭头",
      "font_class": "left",
      "unicode": "e600",
      "unicode_decimal": 58880
    },
    {
      "icon_id": "13329834",
      "name": "购物 车",
      "font_class": "gouwuche",
      "unicode": "e634",
      "unicode_decimal": 58932
    },
    {
      "icon_id": "11100187",
      "name": "搜索",
      "font_class": "sousuo",
      "unicode": "e60e",
      "unicode_decimal": 58894
    },
    {
      "icon_id": "3094903",
      "name": "相机",
      "font_class": "ICONS_-",
      "unicode": "e62e",
      "unicode_decimal": 58926
    },
    {
      "icon_id": "13640894",
      "name": "下  拉",
      "font_class": "xiala",
      "unicode": "e641",
      "unicode_decimal": 58945
    },
    {
      "icon_id": "5008881",
      "name": "定位",
      "font_class": "location",
      "unicode": "e601",
      "unicode_decimal": 58881
    }
  ]
}
